Student_ID,Gender,Attendance_Percent,Study_Hours_Per_Week,Assignment_Score,Exam_Score
S001,Male,84.0,9.1,83.0,99.6
S002,Male,76.3,11.4,98.5,100.0
S003,Female,85.8,15.9,100.0,100.0
S004,Male,96.3,7.9,86.4,100.0
S005,Female,75.2,6.8,91.3,89.5
S006,Male,75.2,8.0,89.0,100.0
S007,Female,97.0,13.7,100.0,100.0
S008,Female,87.2,11.3,100.0,100.0
S009,Female,72.4,7.9,82.6,100.0
S010,Male,84.5,12.1,90.3,100.0
S011,Female,72.4,10.4,81.9,92.6
S012,Male,72.4,13.9,88.8,100.0
S013,Female,80.9,7.2,85.7,100.0
S014,Female,55.0,8.7,82.6,100.0
S015,Male,57.3,8.4,82.4,80.1
S016,Female,71.3,4.1,84.0,87.9
S017,Female,65.8,11.2,88.3,100.0
S018,Male,81.8,11.0,100.0,100.0
S019,Female,67.1,10.0,84.4,100.0
S020,Female,61.1,9.1,100.0,100.0
S021,Female,95.6,4.3,91.2,95.4
S022,Female,75.3,8.3,79.4,100.0
S023,Male,78.8,8.6,79.5,71.2
S024,Male,60.9,6.8,82.4,83.3
S025,Female,71.5,9.4,85.2,100.0
S026,Male,79.3,11.6,99.3,100.0
S027,Female,64.2,17.5,100.0,100.0
S028,Male,82.5,10.7,92.6,98.2
S029,Female,70.8,11.0,82.8,100.0
S030,Female,74.5,9.7,76.4,100.0
S031,Female,70.8,2.3,70.3,99.9
S032,Female,100.0,9.9,100.0,100.0
S033,Female,77.8,10.2,92.3,100.0
S034,Female,65.3,19.9,93.7,100.0
S035,Male,87.9,9.2,93.7,100.0
S036,Female,63.3,11.2,90.4,100.0
S037,Male,80.5,9.9,83.9,100.0
S038,Female,54.5,5.3,74.8,80.1
S039,Male,62.1,14.6,93.5,100.0
S040,Male,80.4,13.0,87.4,100.0
S041,Male,86.9,13.2,100.0,100.0
S042,Female,80.1,6.4,89.0,100.0
S043,Female,76.6,15.6,100.0,100.0
S044,Male,74.4,4.4,87.4,83.0
S045,Female,60.3,12.3,77.2,100.0
S046,Male,69.4,18.8,95.6,100.0
S047,Female,72.5,6.0,85.3,95.8
S048,Male,90.7,7.7,94.7,100.0
S049,Male,82.1,10.4,96.6,100.0
S050,Female,56.8,8.0,100.0,92.5
S051,Male,81.9,3.8,85.1,94.6
S052,Female,73.4,10.3,98.3,100.0
S053,Male,69.9,5.8,87.5,90.5
S054,Male,85.3,11.9,100.0,100.0
S055,Female,90.4,6.3,85.5,100.0
S056,Female,89.2,16.2,100.0,100.0
S057,Female,67.9,6.9,75.0,100.0
S058,Male,74.3,8.7,84.8,100.0
S059,Female,82.0,13.3,93.8,100.0
S060,Male,89.7,5.1,86.2,100.0
S061,Male,72.2,10.9,100.0,100.0
S062,Female,75.8,15.2,84.0,100.0
S063,Female,64.7,3.6,79.6,95.5
S064,Male,63.6,10.7,73.6,100.0
S065,Male,87.8,11.0,91.8,100.0
S066,Female,94.3,13.1,100.0,100.0
S067,Female,77.1,5.1,81.7,100.0
S068,Female,90.0,4.7,76.3,93.6
S069,Female,82.3,12.1,89.9,100.0
S070,Female,70.3,11.2,95.2,100.0
S071,Male,82.3,11.0,87.8,100.0
S072,Male,96.5,11.4,100.0,100.0
S073,Male,77.6,7.3,85.7,100.0
S074,Male,96.8,10.9,93.3,100.0
S075,Female,46.6,11.2,98.6,100.0
S076,Female,87.9,7.1,93.6,100.0
S077,Female,79.0,17.5,87.9,100.0
S078,Male,74.4,11.9,94.0,100.0
S079,Male,79.1,5.2,76.8,99.5
S080,Female,54.1,12.6,93.4,100.0
